[
    {
      "writer": "Rejoana Nahid",
      "date": "2024-08-28",
      "category": "Wildlife",
      "title": "Jaflong Waterfall In Sylhet: Exploring Nature’s Majesty",
      "descriptions": [
        "Bangladesh, a land known for its rich history and vibrant culture, also boasts breathtaking natural wonders. JMC Tours & Travels unlocks the magic of these hidden gems, taking you on an unforgettable adventure to explore the cascading Jaflong waterfall in Sylhet.",
        "Tucked away in the picturesque region of Sylhet, Jaflong Waterfall enchants with its cascading waters and verdant surroundings. As you approach the waterfall, the soothing sound of water rushing over rocks fills the air, creating a symphony of nature that revitalizes the soul. Whether you’re seeking solitude or adventure, Jaflong offers an immersive experience like no other.",
        "Nature enthusiasts will find themselves in paradise amidst the lush landscapes of Jaflong. Trek through dense forests teeming with diverse flora and fauna, breathe in the crisp mountain air, and marvel at the breathtaking vistas that unfold at every turn. Capture the beauty of exotic flowers, rare birds, and elusive wildlife as you explore the natural wonders of this enchanting destination."
      ],
      "image": "https://jmc.tours/wp-content/uploads/2024/08/jaflong-waterfall.jpg",
      "tags": [
        "Adventure",
        "Beach",
        "Inani",
        "Hotel",
        "Resort",
        "Lifestyle",
        "Parks",
        "Tourism"
      ],
      "comments": [
        {
          "email": "asifaowadud@yahoo.com",
          "cmntText": "How about the season?"
        }
      ]
    },
    {
      "writer": "Arif Khan",
      "date": "2024-09-01",
      "category": "Adventure",
      "title": "Discovering the Hidden Caves of Rangamati",
      "descriptions": [
        "Rangamati, a picturesque district in Bangladesh, is home to some of the most fascinating caves waiting to be explored. This adventure will take you through winding paths and ancient caves, revealing the hidden beauty of Rangamati's landscape.",
        "The journey to the hidden caves of Rangamati is filled with excitement and wonder. The caves, surrounded by lush greenery, offer a glimpse into the natural history of the region. As you explore the dark, mysterious interiors, you’ll encounter stunning rock formations and underground streams.",
        "For adventure seekers and nature lovers, Rangamati’s hidden caves provide an unforgettable experience. Equipped with a flashlight and a spirit of exploration, you’ll discover the serenity and beauty of these natural wonders."
      ],
      "image": "https://example.com/images/rangamati-caves.jpg",
      "tags": [
        "Adventure",
        "Caves",
        "Rangamati",
        "Exploration",
        "Nature",
        "Travel"
      ],
      "comments": [
        {
          "email": "exampleuser1@example.com",
          "cmntText": "What gear do you recommend for this adventure?"
        }
      ]
    },
    {
      "writer": "Maya Ahmed",
      "date": "2024-09-05",
      "category": "Culture",
      "title": "Exploring the Ancient Ruins of Mahasthangarh",
      "descriptions": [
        "Mahasthangarh is one of Bangladesh's most ancient archaeological sites, offering a glimpse into the country's rich history. This exploration takes you through the ruins of the ancient city, showcasing remarkable historical artifacts and structures.",
        "The ancient ruins of Mahasthangarh provide a fascinating journey through time. Wander through the remnants of temples, fortifications, and ancient roads, and learn about the significance of this historical site.",
        "A visit to Mahasthangarh is a must for history enthusiasts. The site offers an in-depth look into Bangladesh’s ancient civilization, with well-preserved ruins that tell stories of the past."
      ],
      "image": "https://example.com/images/mahasthangarh.jpg",
      "tags": [
        "History",
        "Archaeology",
        "Mahasthangarh",
        "Culture",
        "Travel",
        "Heritage"
      ],
      "comments": [
        {
          "email": "exampleuser2@example.com",
          "cmntText": "Are there any guided tours available?"
        }
      ]
    },
    {
      "writer": "Lina Ahmed",
      "date": "2024-09-10",
      "category": "Beach",
      "title": "The Serene Beauty of Cox’s Bazar Beach",
      "descriptions": [
        "Cox’s Bazar, known for having the longest natural sea beach in the world, offers a perfect escape to the sea. This guide covers everything from the best spots to relax to exciting beach activities you can enjoy.",
        "The pristine sands and crystal-clear waters of Cox’s Bazar make it a top destination for beach lovers. Enjoy leisurely walks, beach sports, and sunset views that paint the sky with vibrant colors.",
        "Cox’s Bazar is more than just a beach; it’s a destination where you can unwind, explore local seafood, and experience the lively culture of the coastal region. Discover the charm of this beautiful beach and its surroundings."
      ],
      "image": "https://example.com/images/coxs-bazar.jpg",
      "tags": [
        "Beach",
        "Cox’s Bazar",
        "Travel",
        "Relaxation",
        "Sea",
        "Vacation"
      ],
      "comments": [
        {
          "email": "exampleuser3@example.com",
          "cmntText": "What are the best times to visit?"
        }
      ]
    },
    {
      "writer": "Omar Faruq",
      "date": "2024-09-15",
      "category": "Historical",
      "title": "Unveiling the Secrets of Lalbagh Fort",
      "descriptions": [
        "Lalbagh Fort, a Mughal-era fortification in Dhaka, is a treasure trove of historical significance. Explore the fort's architecture, gardens, and the stories that have shaped its history.",
        "The fort's intricate design and historical artifacts offer a deep dive into Bangladesh's Mughal past. Stroll through its well-maintained gardens and ancient structures to appreciate the grandeur of this historical site.",
        "A visit to Lalbagh Fort provides insights into the architectural marvels of the Mughal era and the rich history of Dhaka. It's a must-visit for history buffs and tourists alike."
      ],
      "image": "https://example.com/images/lalbagh-fort.jpg",
      "tags": [
        "History",
        "Lalbagh Fort",
        "Mughal",
        "Architecture",
        "Dhaka",
        "Tourism"
      ],
      "comments": [
        {
          "email": "exampleuser4@example.com",
          "cmntText": "Are there any special events at the fort?"
        }
      ]
    },
    {
      "writer": "Sara Begum",
      "date": "2024-09-20",
      "category": "Adventure",
      "title": "Hiking the Hills of Bandarban",
      "descriptions": [{
        "title":"title",
        "writings":"sdfksf",
        "image":"sdfjsfjksdhf"
      }
      ],
      "image": "https://example.com/images/bandarban-hills.jpg",
      "tags": [
        "Hiking",
        "Bandarban",
        "Adventure",
        "Nature",
        "Travel",
        "Outdoor"
      ],
      "comments": [
        {
          "email": "exampleuser5@example.com",
          "cmntText": "What are the best trails for beginners?"
        }
      ]
    },
    {
      "writer": "Tariq Rahman",
      "date": "2024-09-25",
      "category": "Culture",
      "title": "The Vibrant Festivals of Dhaka",
      "descriptions": [
        "Dhaka, the bustling capital of Bangladesh, is renowned for its vibrant festivals that reflect the city's cultural richness. This guide explores the major festivals, their significance, and how to experience them.",
        "From traditional celebrations to modern festivals, Dhaka offers a rich tapestry of cultural events. Discover the music, dance, and culinary delights that make these festivals a memorable experience.",
        "Attending festivals in Dhaka provides a unique opportunity to immerse yourself in the local culture. Experience the festive atmosphere, learn about cultural traditions, and enjoy the lively festivities."
      ],
      "image": "https://example.com/images/dhaka-festivals.jpg",
      "tags": [
        "Festivals",
        "Dhaka",
        "Culture",
        "Events",
        "Travel",
        "Tradition"
      ],
      "comments": [
        {
          "email": "exampleuser6@example.com",
          "cmntText": "Which festival is the most popular?"
        }
      ]
    }
  ]
  